name,accuracy,precision,recall,f1,roc_auc,train_time
gradient_boosting,0.9873928391326273,0.8775510204081632,0.6935483870967742,0.7747747747747747,0.9687914560628705,27.10633420944214
random_forest,0.9788199697428139,0.65625,0.6774193548387096,0.6666666666666666,0.9594549209920908,0.9551980495452881
voting_ensemble,0.961674230963187,0.4351851851851852,0.7580645161290323,0.5529411764705883,0.9298248560057766,29.349751949310303
decision_tree,0.9546142208774584,0.3813559322033898,0.7258064516129032,0.5,0.8439027052442445,0.5964734554290771
logistic_regression,0.8058497226424609,0.10513447432762836,0.6935483870967742,0.18259023354564755,0.8368373327064197,23.7876136302948
